itype,donor_chain,acceptor_chain,donor_resnm,acceptor_resnm,donor_resid,acceptor_resid,donor_atom,acceptor_atom,donor,donorC,acceptor,acceptorC,donor_acceptor,chain_type,prot_or_dna,time
pi-stacking,B,C,DA,DG,4,15,C4,C4,DA4,DA4_B,DG15,DG15_C,DA4_B:DG15_C,inter,dna-dna,10
pi-stacking,B,C,DG,DA,5,14,C4,C4,DG5,DG5_B,DA14,DA14_C,DG5_B:DA14_C,inter,dna-dna,10
pi-stacking,B,C,DG,DA,15,4,C4,C4,DG15,DG15_B,DA4,DA4_C,DG15_B:DA4_C,inter,dna-dna,10
pi-stacking,B,C,DA,DG,4,15,C4,C4,DA4,DA4_B,DG15,DG15_C,DA4_B:DG15_C,inter,dna-dna,49
pi-stacking,B,C,DA,DG,4,15,C4,C4,DA4,DA4_B,DG15,DG15_C,DA4_B:DG15_C,inter,dna-dna,49
pi-stacking,B,C,DG,DA,15,4,C4,C4,DG15,DG15_B,DA4,DA4_C,DG15_B:DA4_C,inter,dna-dna,49
pi-stacking,B,C,DG,DA,15,4,C4,C4,DG15,DG15_B,DA4,DA4_C,DG15_B:DA4_C,inter,dna-dna,18
pi-stacking,B,C,DG,DC,16,3,C4,C2,DG16,DG16_B,DC3,DC3_C,DG16_B:DC3_C,inter,dna-dna,18
pi-stacking,B,C,DG,DA,15,4,C4,C4,DG15,DG15_B,DA4,DA4_C,DG15_B:DA4_C,inter,dna-dna,41
pi-stacking,B,C,DG,DA,15,4,C4,C4,DG15,DG15_B,DA4,DA4_C,DG15_B:DA4_C,inter,dna-dna,41
pi-stacking,B,C,DG,DA,15,4,C4,C4,DG15,DG15_B,DA4,DA4_C,DG15_B:DA4_C,inter,dna-dna,41
pi-stacking,B,C,DG,DC,16,3,C4,C2,DG16,DG16_B,DC3,DC3_C,DG16_B:DC3_C,inter,dna-dna,41
pi-stacking,B,C,DA,DG,4,15,C4,C4,DA4,DA4_B,DG15,DG15_C,DA4_B:DG15_C,inter,dna-dna,36
pi-stacking,B,C,DG,DA,5,14,C4,C4,DG5,DG5_B,DA14,DA14_C,DG5_B:DA14_C,inter,dna-dna,7
pi-stacking,B,C,DA,DA,4,14,C4,C4,DA4,DA4_B,DA14,DA14_C,DA4_B:DA14_C,inter,dna-dna,23
pi-stacking,B,C,DG,DA,5,14,C4,C4,DG5,DG5_B,DA14,DA14_C,DG5_B:DA14_C,inter,dna-dna,24
pi-stacking,B,C,DG,DA,5,14,C4,C4,DG5,DG5_B,DA14,DA14_C,DG5_B:DA14_C,inter,dna-dna,31
pi-stacking,B,C,DG,DA,5,14,C4,C4,DG5,DG5_B,DA14,DA14_C,DG5_B:DA14_C,inter,dna-dna,31
pi-stacking,B,C,DG,DA,5,14,C4,C4,DG5,DG5_B,DA14,DA14_C,DG5_B:DA14_C,inter,dna-dna,0
pi-stacking,B,C,DG,DA,5,14,C4,C4,DG5,DG5_B,DA14,DA14_C,DG5_B:DA14_C,inter,dna-dna,0
pi-stacking,B,C,DG,DA,15,4,C4,C4,DG15,DG15_B,DA4,DA4_C,DG15_B:DA4_C,inter,dna-dna,0
pi-stacking,B,C,DG,DA,15,4,C4,C4,DG15,DG15_B,DA4,DA4_C,DG15_B:DA4_C,inter,dna-dna,0
pi-stacking,B,C,DG,DA,15,4,C4,C4,DG15,DG15_B,DA4,DA4_C,DG15_B:DA4_C,inter,dna-dna,46
pi-stacking,B,C,DA,DG,4,15,C4,C4,DA4,DA4_B,DG15,DG15_C,DA4_B:DG15_C,inter,dna-dna,8
pi-stacking,B,C,DG,DA,5,14,C4,C4,DG5,DG5_B,DA14,DA14_C,DG5_B:DA14_C,inter,dna-dna,8
pi-stacking,B,C,DG,DC,16,3,C4,C2,DG16,DG16_B,DC3,DC3_C,DG16_B:DC3_C,inter,dna-dna,8
pi-stacking,B,C,DG,DA,5,14,C4,C4,DG5,DG5_B,DA14,DA14_C,DG5_B:DA14_C,inter,dna-dna,17
pi-stacking,B,C,DG,DC,16,3,C4,C2,DG16,DG16_B,DC3,DC3_C,DG16_B:DC3_C,inter,dna-dna,17
pi-stacking,B,C,DA,DG,4,15,C4,C4,DA4,DA4_B,DG15,DG15_C,DA4_B:DG15_C,inter,dna-dna,12
pi-stacking,B,C,DG,DA,5,14,C4,C4,DG5,DG5_B,DA14,DA14_C,DG5_B:DA14_C,inter,dna-dna,12
pi-stacking,B,C,DG,DA,15,4,C4,C4,DG15,DG15_B,DA4,DA4_C,DG15_B:DA4_C,inter,dna-dna,12
pi-stacking,B,C,DG,DC,16,3,C4,C2,DG16,DG16_B,DC3,DC3_C,DG16_B:DC3_C,inter,dna-dna,12
pi-stacking,B,C,DA,DG,4,15,C4,C4,DA4,DA4_B,DG15,DG15_C,DA4_B:DG15_C,inter,dna-dna,5
pi-stacking,B,C,DG,DA,5,14,C4,C4,DG5,DG5_B,DA14,DA14_C,DG5_B:DA14_C,inter,dna-dna,5
pi-stacking,B,C,DG,DC,16,3,C4,C2,DG16,DG16_B,DC3,DC3_C,DG16_B:DC3_C,inter,dna-dna,5
pi-stacking,B,C,DA,DG,4,15,C4,C4,DA4,DA4_B,DG15,DG15_C,DA4_B:DG15_C,inter,dna-dna,43
pi-stacking,B,C,DG,DA,15,4,C4,C4,DG15,DG15_B,DA4,DA4_C,DG15_B:DA4_C,inter,dna-dna,43
pi-stacking,B,C,DG,DA,15,4,C4,C4,DG15,DG15_B,DA4,DA4_C,DG15_B:DA4_C,inter,dna-dna,21
pi-stacking,B,C,DG,DC,16,3,C4,C2,DG16,DG16_B,DC3,DC3_C,DG16_B:DC3_C,inter,dna-dna,21
pi-stacking,B,C,DG,DA,15,4,C4,C4,DG15,DG15_B,DA4,DA4_C,DG15_B:DA4_C,inter,dna-dna,29
pi-stacking,B,C,DA,DG,4,15,C4,C4,DA4,DA4_B,DG15,DG15_C,DA4_B:DG15_C,inter,dna-dna,26
pi-stacking,B,C,DG,DA,5,14,C4,C4,DG5,DG5_B,DA14,DA14_C,DG5_B:DA14_C,inter,dna-dna,26
pi-stacking,B,C,DG,DA,5,14,C4,C4,DG5,DG5_B,DA14,DA14_C,DG5_B:DA14_C,inter,dna-dna,15
pi-stacking,B,C,DG,DA,5,14,C4,C4,DG5,DG5_B,DA14,DA14_C,DG5_B:DA14_C,inter,dna-dna,15
pi-stacking,B,C,DA,DG,4,15,C4,C4,DA4,DA4_B,DG15,DG15_C,DA4_B:DG15_C,inter,dna-dna,14
pi-stacking,B,C,DA,DG,4,15,C4,C4,DA4,DA4_B,DG15,DG15_C,DA4_B:DG15_C,inter,dna-dna,45
pi-stacking,B,C,DG,DA,15,4,C4,C4,DG15,DG15_B,DA4,DA4_C,DG15_B:DA4_C,inter,dna-dna,45
pi-stacking,B,C,DG,DA,5,14,C4,C4,DG5,DG5_B,DA14,DA14_C,DG5_B:DA14_C,inter,dna-dna,32
pi-stacking,B,C,DG,DA,5,14,C4,C4,DG5,DG5_B,DA14,DA14_C,DG5_B:DA14_C,inter,dna-dna,28
pi-stacking,B,C,DG,DA,15,4,C4,C4,DG15,DG15_B,DA4,DA4_C,DG15_B:DA4_C,inter,dna-dna,20
pi-stacking,B,C,DG,DC,16,3,C4,C2,DG16,DG16_B,DC3,DC3_C,DG16_B:DC3_C,inter,dna-dna,20
pi-stacking,B,C,DA,DA,4,14,C4,C4,DA4,DA4_B,DA14,DA14_C,DA4_B:DA14_C,inter,dna-dna,4
pi-stacking,B,C,DA,DG,4,15,C4,C4,DA4,DA4_B,DG15,DG15_C,DA4_B:DG15_C,inter,dna-dna,4
pi-stacking,B,C,DG,DA,5,14,C4,C4,DG5,DG5_B,DA14,DA14_C,DG5_B:DA14_C,inter,dna-dna,4
pi-stacking,B,C,DG,DA,5,14,C4,C4,DG5,DG5_B,DA14,DA14_C,DG5_B:DA14_C,inter,dna-dna,4
pi-stacking,B,C,DG,DC,16,3,C4,C2,DG16,DG16_B,DC3,DC3_C,DG16_B:DC3_C,inter,dna-dna,4
pi-stacking,B,C,DG,DA,5,14,C4,C4,DG5,DG5_B,DA14,DA14_C,DG5_B:DA14_C,inter,dna-dna,13
pi-stacking,B,C,DG,DA,5,14,C4,C4,DG5,DG5_B,DA14,DA14_C,DG5_B:DA14_C,inter,dna-dna,13
pi-stacking,B,C,DG,DA,15,4,C4,C4,DG15,DG15_B,DA4,DA4_C,DG15_B:DA4_C,inter,dna-dna,13
pi-stacking,B,C,DG,DC,16,3,C4,C2,DG16,DG16_B,DC3,DC3_C,DG16_B:DC3_C,inter,dna-dna,13
pi-stacking,B,C,DG,DA,15,4,C4,C4,DG15,DG15_B,DA4,DA4_C,DG15_B:DA4_C,inter,dna-dna,38
pi-stacking,B,C,DG,DC,16,3,C4,C2,DG16,DG16_B,DC3,DC3_C,DG16_B:DC3_C,inter,dna-dna,9
pi-stacking,B,C,DA,DG,4,15,C4,C4,DA4,DA4_B,DG15,DG15_C,DA4_B:DG15_C,inter,dna-dna,16
pi-stacking,B,C,DG,DC,16,3,C4,C2,DG16,DG16_B,DC3,DC3_C,DG16_B:DC3_C,inter,dna-dna,16
pi-stacking,B,C,DA,DA,4,14,C4,C4,DA4,DA4_B,DA14,DA14_C,DA4_B:DA14_C,inter,dna-dna,1
pi-stacking,B,C,DA,DG,4,15,C4,C4,DA4,DA4_B,DG15,DG15_C,DA4_B:DG15_C,inter,dna-dna,1
pi-stacking,B,C,DG,DA,5,14,C4,C4,DG5,DG5_B,DA14,DA14_C,DG5_B:DA14_C,inter,dna-dna,1
pi-stacking,B,C,DA,DA,4,14,C4,C4,DA4,DA4_B,DA14,DA14_C,DA4_B:DA14_C,inter,dna-dna,47
pi-stacking,B,C,DA,DG,4,15,C4,C4,DA4,DA4_B,DG15,DG15_C,DA4_B:DG15_C,inter,dna-dna,47
pi-stacking,B,C,DA,DG,4,15,C4,C4,DA4,DA4_B,DG15,DG15_C,DA4_B:DG15_C,inter,dna-dna,22
pi-stacking,B,C,DG,DC,16,3,C4,C2,DG16,DG16_B,DC3,DC3_C,DG16_B:DC3_C,inter,dna-dna,22
pi-stacking,B,C,DA,DG,4,15,C4,C4,DA4,DA4_B,DG15,DG15_C,DA4_B:DG15_C,inter,dna-dna,19
pi-stacking,B,C,DA,DG,4,15,C4,C4,DA4,DA4_B,DG15,DG15_C,DA4_B:DG15_C,inter,dna-dna,40
pi-stacking,B,C,DG,DA,5,14,C4,C4,DG5,DG5_B,DA14,DA14_C,DG5_B:DA14_C,inter,dna-dna,40
pi-stacking,B,C,DG,DA,15,4,C4,C4,DG15,DG15_B,DA4,DA4_C,DG15_B:DA4_C,inter,dna-dna,40
pi-stacking,B,C,DA,DG,4,15,C4,C4,DA4,DA4_B,DG15,DG15_C,DA4_B:DG15_C,inter,dna-dna,6
pi-stacking,B,C,DG,DA,15,4,C4,C4,DG15,DG15_B,DA4,DA4_C,DG15_B:DA4_C,inter,dna-dna,6
pi-stacking,B,C,DA,DG,4,15,C4,C4,DA4,DA4_B,DG15,DG15_C,DA4_B:DG15_C,inter,dna-dna,37
pi-stacking,B,C,DA,DG,4,15,C4,C4,DA4,DA4_B,DG15,DG15_C,DA4_B:DG15_C,inter,dna-dna,37
pi-stacking,B,C,DG,DA,15,4,C4,C4,DG15,DG15_B,DA4,DA4_C,DG15_B:DA4_C,inter,dna-dna,11
pi-stacking,B,C,DG,DA,5,14,C4,C4,DG5,DG5_B,DA14,DA14_C,DG5_B:DA14_C,inter,dna-dna,48
pi-stacking,B,C,DG,DA,5,14,C4,C4,DG5,DG5_B,DA14,DA14_C,DG5_B:DA14_C,inter,dna-dna,48
pi-stacking,B,C,DG,DA,5,14,C4,C4,DG5,DG5_B,DA14,DA14_C,DG5_B:DA14_C,inter,dna-dna,48
